Category,OrderQuantity,SalesAmount
Bikes,38048.0,3.364130205940069E7
Clothing,35565.0,979349.0407999805
Components,28181.0,6677279.495699955
Accessories,14356.0,322770.51400000125
